aX,aY,aZ,gX,gY,gZ
0.204,0.247,2.859,-96.436,100.342,18.188
0.487,0.275,3.382,-141.968,108.643,19.531
0.860,0.423,3.962,-198.730,106.323,21.606
1.021,0.522,4.000,-278.687,102.234,39.551
1.120,0.553,3.909,-372.314,90.454,75.439
1.028,0.401,3.184,-451.233,53.467,121.948
0.827,0.030,2.249,-497.864,-14.099,170.349
0.551,-0.263,1.461,-528.076,-84.717,193.359
0.276,-0.349,0.918,-536.255,-103.943,189.758
0.070,-0.154,0.698,-522.949,-61.829,159.973
0.006,-0.016,0.488,-503.723,6.592,115.051
0.015,0.078,0.163,-487.061,53.467,92.163
0.143,0.203,-0.107,-463.379,56.458,106.384
0.149,0.148,-0.172,-421.082,33.508,128.113
0.042,0.020,-0.082,-369.324,10.498,138.489
0.001,-0.075,0.059,-330.811,-2.808,138.916
0.006,-0.027,0.153,-315.247,-11.475,134.766
-0.029,-0.003,0.149,-316.040,-10.742,128.418
0.002,-0.023,0.126,-320.923,-0.977,125.366
-0.089,0.013,0.009,-329.590,7.507,125.671
-0.175,0.145,-0.111,-328.735,9.033,133.545
-0.178,0.243,-0.158,-308.777,3.723,136.169
-0.229,0.234,-0.121,-285.156,-6.409,132.019
-0.302,0.136,-0.163,-272.705,-9.033,127.075
-0.388,0.002,-0.354,-265.198,-6.226,131.958
-0.489,-0.112,-0.498,-251.709,-5.859,133.301
-0.504,-0.161,-0.534,-232.422,-1.648,125.122
-0.481,-0.204,-0.491,-216.431,-1.038,116.333
-0.553,-0.220,-0.520,-209.045,-3.845,113.953
-0.589,-0.149,-0.541,-203.186,-9.644,118.958
-0.617,-0.016,-0.533,-196.350,-18.005,125.427
-0.641,0.010,-0.533,-184.387,-30.212,130.188
-0.720,-0.072,-0.624,-171.814,-45.471,132.874
-0.751,-0.140,-0.775,-159.119,-60.913,136.780
-0.765,-0.183,-0.915,-145.081,-70.251,133.789
-0.739,-0.232,-0.953,-126.099,-66.772,123.657
-0.705,-0.287,-0.934,-115.173,-54.260,104.309
-0.646,-0.258,-0.956,-116.821,-37.537,82.153
-0.587,-0.219,-1.005,-122.437,-22.278,61.096
-0.541,-0.172,-1.134,-122.742,-14.771,48.279
-0.458,-0.123,-1.272,-108.093,-19.287,47.363
-0.404,-0.061,-1.275,-79.773,-33.386,56.519
-0.448,-0.013,-1.189,-50.598,-47.119,69.336
-0.506,-0.016,-1.075,-32.227,-49.438,73.792
-0.514,0.054,-0.980,-30.090,-40.222,66.467
-0.486,0.109,-0.963,-38.147,-26.611,53.711
-0.494,0.145,-0.966,-47.180,-15.991,44.067
-0.489,0.147,-1.008,-49.377,-10.193,40.466
-0.533,0.124,-1.004,-41.260,-8.972,41.626
-0.588,0.112,-0.954,-29.175,-11.292,42.419
-0.576,0.130,-0.911,-19.958,-13.062,40.894
-0.589,0.141,-0.858,-13.977,-14.709,38.391
-0.556,0.100,-0.884,-14.648,-13.916,40.100
-0.532,0.135,-0.913,-17.517,-9.521,42.480
-0.588,0.119,-0.923,-16.968,-7.751,43.213
-0.606,0.096,-0.937,-14.099,-6.409,39.307
-0.617,0.086,-0.961,-10.681,-6.958,32.166
-0.589,0.086,-0.950,-6.165,-7.507,24.170
-0.551,0.131,-0.943,-2.441,-6.836,18.188
-0.544,0.208,-0.864,0.854,-6.653,16.113
-0.520,0.233,-0.833,2.258,-4.150,16.418
-0.536,0.249,-0.839,0.916,-0.671,17.456
-0.566,0.243,-0.841,0.732,1.892,17.334
-0.583,0.226,-0.829,2.502,2.808,14.709
-0.592,0.200,-0.815,4.517,2.930,10.498
-0.618,0.223,-0.796,4.456,3.479,6.226
-0.601,0.265,-0.760,4.028,6.653,3.357
-0.574,0.274,-0.751,2.747,8.484,0.305
-0.554,0.296,-0.787,-0.366,8.240,0.732
-0.526,0.295,-0.824,-0.244,5.127,3.174
-0.522,0.255,-0.817,3.723,0.488,5.127
-0.541,0.228,-0.803,5.859,-2.380,6.897
-0.551,0.220,-0.795,5.676,-2.808,6.836
-0.557,0.221,-0.783,5.249,-2.319,6.470
-0.567,0.235,-0.780,5.127,-0.732,5.127
-0.562,0.260,-0.789,4.395,1.343,2.869
-0.568,0.269,-0.806,3.540,3.357,0.122
-0.556,0.269,-0.825,3.662,5.188,-2.563
-0.532,0.223,-0.828,4.761,5.493,-6.226
-0.546,0.151,-0.859,5.737,4.333,-8.362
-0.567,0.091,-0.902,7.568,2.441,-8.484
-0.552,0.069,-0.875,12.878,1.404,-9.766
-0.520,0.090,-0.845,16.724,1.770,-11.353
-0.467,0.159,-0.846,18.372,3.784,-9.888
-0.431,0.220,-0.853,20.935,3.540,-5.188
-0.435,0.248,-0.859,25.024,2.136,1.099
-0.472,0.262,-0.856,30.396,0.061,6.836
-0.511,0.291,-0.802,35.339,-1.953,8.057
-0.540,0.314,-0.739,36.743,-1.282,3.296
-0.557,0.343,-0.717,32.837,2.930,-3.418
-0.552,0.371,-0.698,28.015,7.935,-9.644
-0.517,0.386,-0.691,24.292,11.292,-13.611
-0.486,0.365,-0.718,20.142,13.550,-13.611
-0.495,0.340,-0.763,17.151,14.038,-9.521
-0.520,0.333,-0.783,16.846,10.437,-4.089
-0.550,0.317,-0.814,17.517,5.859,-0.977
-0.606,0.295,-0.828,19.592,3.601,-0.366
-0.642,0.298,-0.814,22.583,2.197,-3.601
-0.618,0.317,-0.766,25.452,1.831,-10.498
-0.586,0.342,-0.715,24.292,3.784,-17.090
-0.542,0.379,-0.705,19.531,6.897,-19.104
-0.515,0.405,-0.734,15.320,8.301,-16.724
-0.490,0.402,-0.772,15.991,6.714,-10.742
-0.496,0.376,-0.795,19.714,2.808,-3.174
-0.521,0.340,-0.797,24.475,-1.587,2.502
-0.538,0.310,-0.816,27.344,-4.150,4.150
-0.571,0.293,-0.843,28.076,-3.113,1.770
-0.565,0.330,-0.810,29.541,-1.343,-2.563
-0.538,0.354,-0.737,30.029,0.244,-8.484
-0.518,0.386,-0.710,23.987,5.371,-13.367
-0.500,0.404,-0.738,15.869,11.475,-15.686
-0.480,0.384,-0.775,11.475,15.991,-16.418
-0.483,0.376,-0.810,11.475,17.395,-13.489
-0.478,0.394,-0.805,17.334,12.878,-7.019
-0.471,0.421,-0.763,26.001,4.761,-0.122
-0.506,0.450,-0.702,32.043,-1.953,6.226
-0.543,0.478,-0.656,31.738,-4.578,9.216
-0.563,0.513,-0.647,26.306,-3.601,7.202
-0.555,0.521,-0.664,19.653,0.549,2.258
-0.456,1.090,1.600,66.895,30.029,-27.100
-0.471,1.271,1.917,46.936,43.884,-33.447
-0.537,1.413,2.148,14.893,54.016,-31.128
-0.592,1.602,2.389,-18.860,54.016,-23.315
-0.595,1.838,2.752,-47.607,43.518,-18.555
-0.574,1.996,3.197,-78.491,35.095,-18.188
-0.584,2.041,3.622,-125.000,34.607,-23.254
-0.469,2.173,3.998,-185.852,38.696,-33.508
-0.204,2.185,4.000,-253.113,43.518,-42.725
0.093,1.890,4.000,-322.632,44.861,-33.813
0.334,1.499,3.849,-386.047,28.625,7.935
0.424,1.057,3.241,-432.129,-7.385,76.660
0.339,0.660,2.566,-461.121,-54.382,146.118
0.153,0.232,1.887,-476.318,-97.473,189.819
-0.094,-0.111,1.341,-480.774,-116.272,196.045
-0.131,-0.294,1.010,-470.276,-114.502,176.636
-0.137,-0.497,0.744,-452.698,-102.112,141.785
-0.161,-0.721,0.469,-442.688,-85.938,109.741
-0.259,-0.765,0.177,-430.664,-70.557,87.524
-0.141,-0.631,0.152,-409.485,-58.289,70.679
-0.006,-0.659,0.188,-381.287,-50.476,58.777
0.051,-0.584,0.193,-367.859,-46.509,63.904
0.185,-0.521,0.089,-360.596,-45.227,77.698
0.154,-0.611,-0.041,-353.577,-46.997,89.783
0.008,-0.613,-0.082,-348.206,-51.758,98.206
-0.020,-0.566,-0.111,-341.309,-57.312,93.811
-0.023,-0.522,-0.172,-333.252,-56.091,82.642
-0.005,-0.545,-0.301,-320.862,-48.950,73.547
0.002,-0.562,-0.425,-303.833,-44.006,70.007
0.011,-0.557,-0.476,-283.813,-43.579,74.707
-0.049,-0.665,-0.446,-262.695,-45.837,81.421
-0.140,-0.710,-0.461,-252.991,-45.105,85.754
-0.260,-0.741,-0.609,-250.000,-40.527,88.989
-0.338,-0.619,-0.729,-239.014,-40.405,90.210
-0.339,-0.543,-0.786,-219.360,-44.617,87.708
-0.327,-0.569,-0.869,-195.557,-49.194,83.374
-0.392,-0.587,-0.855,-174.377,-51.392,82.764
-0.399,-0.636,-0.865,-160.095,-50.598,81.421
-0.428,-0.670,-0.961,-154.480,-46.875,77.026
-0.345,-0.735,-1.151,-148.254,-44.678,72.632
-0.233,-0.819,-1.338,-132.324,-44.006,71.838
-0.122,-0.888,-1.481,-108.337,-44.739,78.430
-0.076,-0.972,-1.573,-77.026,-45.410,91.919
-0.124,-0.977,-1.593,-44.617,-45.898,107.483
-0.281,-0.921,-1.576,-13.428,-45.898,113.831
-0.405,-0.790,-1.470,10.254,-40.527,106.384
-0.503,-0.626,-1.289,27.954,-28.687,86.487
-0.579,-0.472,-1.097,36.194,-13.123,57.800
-0.632,-0.300,-0.984,32.959,4.150,26.917
-0.664,-0.133,-0.934,25.696,19.531,4.639
-0.669,0.020,-0.884,23.132,25.635,-5.066
-0.670,0.196,-0.816,24.414,23.010,-2.380
-0.674,0.311,-0.757,27.405,14.343,6.592
-0.680,0.331,-0.751,29.907,4.822,15.442
-0.689,0.321,-0.738,29.480,-3.784,21.301
-0.709,0.317,-0.710,25.879,-9.644,21.912
-0.714,0.285,-0.713,19.104,-10.803,16.724
-0.702,0.274,-0.737,11.230,-8.606,8.179
-0.656,0.228,-0.739,5.310,-7.263,1.282
-0.613,0.181,-0.761,1.160,-7.507,-2.441
-0.583,0.145,-0.828,-3.845,-8.301,-2.625
-0.545,0.137,-0.877,-5.493,-10.132,-2.075
-0.483,0.127,-0.895,-5.066,-12.695,-0.732
-0.441,0.129,-0.914,-4.333,-13.550,1.404
-0.402,0.127,-0.923,-3.052,-13.306,4.272
-0.373,0.091,-0.919,-1.648,-12.268,6.409
-0.401,0.043,-0.934,-1.770,-10.437,8.240
-0.450,0.033,-0.961,-1.648,-9.155,9.766
-0.483,0.041,-0.954,1.709,-7.996,8.423
-0.476,0.056,-0.905,6.226,-6.226,4.639
-0.474,0.063,-0.877,7.507,-2.747,0.488
-0.486,0.075,-0.885,5.981,1.465,-0.488
-0.533,0.117,-0.859,5.249,5.798,-0.610
-0.524,0.140,-0.823,6.836,6.836,1.038
-0.510,0.170,-0.807,6.287,6.287,2.075
-0.531,0.173,-0.833,2.319,6.165,-1.099
-0.522,0.172,-0.862,1.892,5.676,-1.282
-0.522,0.164,-0.862,4.639,3.418,0.122
-0.535,0.145,-0.843,7.507,0.793,0.427
-0.549,0.128,-0.848,8.240,1.343,-0.305
-0.554,0.127,-0.859,8.240,2.930,-1.221
-0.542,0.129,-0.844,8.972,3.113,-2.380
-0.529,0.140,-0.838,8.301,3.113,-2.502
-0.542,0.209,-0.825,6.287,3.174,-0.366
-0.530,0.246,-0.811,5.920,1.221,1.648
-0.515,0.246,-0.811,5.310,-0.671,1.770
-0.499,0.229,-0.829,3.174,-1.953,1.892
-0.497,0.181,-0.865,1.953,-2.625,2.075
-0.494,0.143,-0.877,3.235,-3.723,3.235
-0.496,0.090,-0.868,6.042,-4.272,4.578
-0.513,0.077,-0.868,6.531,-3.296,5.432
-0.523,0.079,-0.876,6.470,-0.732,4.761
-0.516,0.093,-0.878,6.836,1.648,2.563
-0.494,0.099,-0.894,8.179,3.784,0.610
-0.483,0.118,-0.893,10.254,3.967,0.549
-0.485,0.123,-0.879,13.550,2.441,1.343
-0.505,0.144,-0.861,16.418,1.526,1.831
-0.528,0.148,-0.838,18.616,1.221,0.916
-0.538,0.148,-0.811,19.348,1.038,-2.136
-0.537,0.147,-0.819,16.968,3.113,-5.737
-0.533,0.144,-0.837,15.015,5.981,-8.423
-0.507,0.143,-0.861,14.343,6.714,-9.521
-0.480,0.146,-0.884,14.648,6.714,-8.240
-0.460,0.149,-0.898,15.808,5.005,-4.761
-0.470,0.145,-0.923,17.822,3.296,-1.038
-0.508,0.168,-0.919,21.484,0.916,2.441
-0.512,0.183,-0.878,26.550,-2.686,3.601
-0.513,0.201,-0.842,28.992,-4.272,2.319
-0.513,0.218,-0.817,28.992,-2.930,-0.305
-0.489,0.222,-0.798,26.733,-1.282,-2.747
-0.466,0.213,-0.824,22.339,1.526,-5.188
-0.441,0.191,-0.867,18.982,4.944,-5.615
-0.440,0.162,-0.898,18.127,6.775,-4.333
-0.459,0.176,-0.903,20.081,6.836,-1.709
-0.473,0.198,-0.879,24.902,4.578,1.099
-0.477,0.222,-0.848,28.931,2.075,3.906
-0.491,0.242,-0.828,29.541,1.953,5.676
-0.493,0.257,-0.831,28.137,3.662,5.005
-0.491,0.256,-0.842,26.489,5.249,3.479
-0.429,0.955,1.315,-31.982,27.954,-27.710
-0.423,1.025,1.426,-42.480,25.940,-25.146
-0.414,1.095,1.568,-52.917,20.813,-23.987
-0.382,1.165,1.699,-66.833,16.907,-20.935
-0.352,1.257,1.831,-84.839,13.306,-15.625
-0.315,1.315,1.972,-103.638,7.812,-9.338
-0.319,1.324,2.070,-128.296,4.028,-4.944
-0.356,1.309,2.068,-160.156,4.761,-3.967
-0.337,1.295,1.985,-192.017,6.470,-7.690
-0.273,1.270,1.884,-216.675,8.484,-11.475
-0.202,1.190,1.754,-234.741,8.728,-8.789
-0.161,1.091,1.580,-250.122,3.357,2.625
-0.163,0.977,1.422,-259.644,-7.751,21.240
-0.190,0.855,1.269,-261.658,-22.583,40.649
-0.246,0.756,1.146,-260.071,-38.269,55.786
-0.326,0.700,1.115,-258.667,-49.866,61.157
-0.354,0.613,1.074,-259.216,-53.223,52.979
-0.351,0.549,0.967,-266.785,-47.974,37.964
-0.315,0.528,0.819,-275.391,-39.551,25.146
-0.274,0.485,0.673,-279.602,-32.837,17.883
-0.245,0.457,0.580,-280.090,-29.297,15.320
-0.190,0.414,0.497,-277.283,-27.527,15.320
-0.170,0.347,0.383,-274.658,-28.259,20.508
-0.153,0.338,0.313,-269.714,-32.471,29.968
-0.109,0.279,0.282,-260.315,-37.354,40.039
-0.136,0.218,0.234,-256.104,-41.321,49.927
-0.181,0.204,0.206,-254.639,-43.640,58.044
-0.193,0.164,0.165,-249.451,-41.687,58.105
-0.199,0.138,0.106,-245.972,-39.429,55.237
-0.223,0.158,0.073,-244.995,-36.560,53.955
-0.227,0.163,0.070,-240.356,-33.508,52.002
-0.218,0.192,0.053,-235.779,-33.386,49.438
-0.179,0.224,0.071,-231.262,-34.851,50.110
-0.160,0.245,0.127,-225.708,-38.696,55.237
-0.122,0.236,0.168,-225.525,-43.762,63.965
-0.131,0.226,0.113,-231.445,-48.584,72.266
-0.113,0.194,0.001,-237.000,-55.115,80.017
-0.094,0.093,-0.162,-240.723,-58.777,83.984
-0.108,-0.039,-0.342,-242.310,-58.289,87.280
-0.161,-0.227,-0.561,-238.708,-54.993,88.135
-0.240,-0.324,-0.740,-227.234,-54.016,88.623
-0.310,-0.397,-0.774,-206.299,-54.321,85.327
-0.318,-0.481,-0.774,-185.791,-51.270,75.989
-0.322,-0.524,-0.871,-176.392,-42.786,67.871
-0.310,-0.530,-1.028,-168.518,-38.086,65.247
-0.305,-0.518,-1.109,-153.809,-41.565,67.261
-0.310,-0.490,-1.115,-136.719,-45.349,70.740
-0.326,-0.478,-1.095,-123.108,-43.457,72.571
-0.338,-0.439,-1.125,-113.708,-40.100,74.463
-0.374,-0.477,-1.193,-102.844,-41.016,76.721
-0.434,-0.425,-1.310,-89.355,-42.542,75.928
-0.446,-0.287,-1.266,-68.909,-43.823,68.726
-0.387,-0.264,-1.160,-48.157,-37.415,50.781
-0.312,-0.170,-1.106,-42.664,-21.851,33.936
-0.225,-0.174,-1.153,-42.969,-7.996,24.475
-0.202,-0.159,-1.261,-40.100,-2.808,27.405
-0.213,-0.150,-1.315,-28.137,-9.033,38.696
-0.238,-0.164,-1.298,-9.705,-15.198,49.011
-0.315,-0.105,-1.202,5.920,-16.052,56.458
-0.374,-0.056,-1.066,16.418,-12.695,57.068
-0.480,0.015,-1.010,16.541,-4.700,51.208
-0.582,0.132,-0.956,14.221,1.648,42.419
-0.615,0.192,-0.899,14.893,4.333,29.175
-0.652,0.222,-0.860,13.794,7.629,16.479
-0.651,0.246,-0.844,12.390,10.010,8.301
-0.615,0.254,-0.831,12.634,9.155,4.395
-0.605,0.250,-0.841,12.329,5.554,5.249
-0.581,0.280,-0.842,12.268,0.305,8.789
-0.553,0.294,-0.819,13.000,-5.127,10.498
-0.551,0.302,-0.811,10.559,-8.972,8.911
-0.533,0.329,-0.799,6.104,-8.789,5.554
-0.525,0.329,-0.785,1.343,-7.385,1.465
-0.520,0.341,-0.800,-3.540,-6.165,-1.282
-0.511,0.324,-0.802,-6.653,-5.737,-2.563
-0.495,0.312,-0.832,-8.789,-4.333,-3.601
-0.473,0.283,-0.887,-9.583,0.061,-4.883
-0.439,0.228,-0.927,-6.653,0.549,-4.883
-0.370,0.208,-0.941,-1.892,-1.404,3.113
-0.379,0.192,-0.931,0.366,-3.174,7.935
-0.385,0.171,-0.933,0.488,-3.601,6.042
-0.437,0.206,-0.892,-0.305,-2.869,2.136
-0.444,0.211,-0.863,0.305,-2.075,0.793
-0.446,0.237,-0.872,-0.183,0.305,1.953
-0.469,0.248,-0.879,0.549,2.808,3.723
-0.486,0.259,-0.862,3.662,3.418,5.066
-0.500,0.267,-0.838,6.104,2.563,4.517
-0.514,0.257,-0.825,6.287,2.747,2.563
-0.512,0.257,-0.822,4.883,3.662,0.122
-0.489,0.250,-0.844,3.967,5.554,-2.197
-0.461,0.267,-0.839,4.333,6.714,-2.258
-0.435,0.278,-0.820,5.554,5.493,-0.427
-0.430,0.310,-0.816,5.371,4.028,3.845
-0.447,0.330,-0.803,5.554,1.221,8.423
-0.478,0.348,-0.768,6.104,-2.441,11.108
-0.489,0.344,-0.757,4.456,-2.686,10.864
-0.514,0.323,-0.786,1.404,-0.427,8.728
-0.515,0.286,-0.831,0.427,-0.061,5.798
-0.494,0.242,-0.853,2.686,-0.916,3.296
-0.463,0.208,-0.856,5.005,-0.488,1.953
-0.434,0.201,-0.865,6.042,0.488,1.953
-0.421,0.212,-0.882,6.409,1.465,3.296
-0.414,0.226,-0.883,7.690,1.343,5.493
-0.434,0.260,-0.860,9.155,0.854,6.836
-0.445,0.296,-0.826,9.644,1.526,7.874
-0.469,0.313,-0.806,9.277,2.258,7.507
-0.500,0.327,-0.796,7.996,1.831,7.751
-0.516,0.310,-0.799,7.446,0.305,6.226
-0.502,0.303,-0.823,6.714,0.061,3.479
-0.476,0.275,-0.852,6.836,0.366,1.343
-0.439,0.239,-0.884,8.545,-0.244,1.709
-0.410,0.239,-0.903,11.475,-2.441,5.615
-0.422,0.198,-0.884,17.090,-5.615,11.475
-0.466,0.177,-0.836,20.752,-9.155,20.386
-0.525,0.186,-0.834,19.348,-10.193,26.794
-0.572,0.208,-0.857,16.907,-8.789,26.733
-0.567,0.228,-0.883,16.357,-6.775,20.569
-0.521,0.249,-0.893,17.273,-4.944,11.719
-0.471,0.254,-0.881,18.677,-3.601,4.089
-0.434,0.240,-0.886,18.372,-1.465,-0.427
-0.783,0.804,1.293,22.644,47.852,-46.936
-0.826,0.918,1.549,18.188,45.715,-51.453
-0.883,1.038,1.823,7.324,42.542,-53.223
-0.913,1.182,2.093,-12.085,40.527,-56.030
-0.908,1.278,2.305,-37.964,40.527,-60.608
-0.884,1.334,2.423,-73.730,41.016,-64.392
-0.853,1.397,2.460,-113.770,41.992,-68.542
-0.769,1.463,2.515,-148.682,41.260,-75.073
-0.661,1.466,2.587,-176.880,38.025,-80.566
-0.541,1.482,2.656,-203.918,29.358,-76.599
-0.425,1.496,2.781,-228.271,14.832,-59.937
-0.336,1.369,2.847,-255.066,-2.136,-36.194
-0.292,1.123,2.679,-293.701,-16.235,-9.949
-0.257,0.933,2.275,-334.534,-31.677,16.113
-0.265,0.793,1.895,-356.812,-49.438,37.903
-0.279,0.637,1.683,-355.835,-69.702,49.133
-0.288,0.432,1.553,-349.121,-85.205,48.950
-0.277,0.269,1.366,-355.286,-88.928,42.969
-0.167,0.091,1.059,-367.676,-84.839,37.476
-0.171,-0.128,0.707,-377.991,-82.581,38.513
-0.203,-0.219,0.394,-376.038,-89.783,47.302
-0.222,-0.233,0.254,-358.826,-99.609,50.720
-0.215,-0.221,0.325,-333.618,-101.685,44.373
-0.150,-0.343,0.368,-314.331,-91.125,33.203
-0.180,-0.330,0.296,-315.430,-79.712,28.564
-0.165,-0.303,0.225,-317.383,-75.195,25.085
-0.147,-0.314,0.141,-313.782,-70.740,19.958
-0.089,-0.231,0.095,-309.937,-65.125,18.860
-0.044,-0.222,0.047,-302.917,-60.242,21.362
0.017,-0.236,-0.056,-295.044,-62.378,31.738
0.033,-0.250,-0.170,-287.415,-70.251,46.936
0.024,-0.242,-0.246,-276.306,-78.308,61.523
-0.006,-0.281,-0.272,-261.597,-83.252,69.580
-0.059,-0.300,-0.337,-252.991,-80.200,69.702
-0.110,-0.278,-0.423,-246.216,-73.242,65.063
-0.120,-0.277,-0.496,-236.511,-65.430,55.542
-0.095,-0.282,-0.549,-225.647,-54.810,46.082
-0.085,-0.265,-0.538,-216.736,-44.556,42.053
-0.071,-0.234,-0.521,-209.045,-37.292,44.556
-0.069,-0.205,-0.566,-203.552,-34.851,55.115
-0.096,-0.192,-0.695,-195.923,-39.551,71.899
-0.153,-0.147,-0.774,-180.664,-52.368,89.966
-0.192,-0.274,-0.825,-161.743,-63.660,97.717
-0.261,-0.376,-0.910,-150.452,-61.523,94.910
-0.271,-0.515,-1.042,-144.958,-48.767,88.806
-0.247,-0.662,-1.224,-137.817,-36.072,80.261
-0.239,-0.843,-1.444,-126.099,-29.236,72.571
-0.225,-0.933,-1.646,-106.812,-26.917,66.711
-0.135,-0.862,-1.764,-76.416,-29.297,65.491
-0.158,-0.806,-1.690,-32.043,-34.302,69.519
-0.219,-0.595,-1.475,5.493,-36.987,70.801
-0.265,-0.403,-1.251,29.114,-34.668,67.871
-0.380,-0.260,-1.114,36.194,-25.635,60.181
-0.473,-0.151,-1.073,33.203,-11.292,47.852
-0.536,-0.049,-1.061,29.785,2.747,28.870
-0.581,0.037,-1.006,31.189,14.221,10.559
-0.601,0.144,-0.923,36.621,20.325,-1.709
-0.598,0.291,-0.813,42.786,19.348,-6.165
-0.589,0.387,-0.691,47.058,14.099,-3.601
-0.609,0.469,-0.601,44.983,7.080,3.235
-0.623,0.537,-0.564,35.034,0.732,10.742
-0.646,0.582,-0.588,22.095,-1.709,15.564
-0.666,0.582,-0.614,11.047,-3.784,16.846
-0.652,0.526,-0.652,3.113,-6.042,13.733
-0.635,0.445,-0.714,-3.479,-7.324,9.216
-0.602,0.344,-0.801,-7.812,-9.521,4.578
-0.537,0.282,-0.879,-8.301,-13.123,0.244
-0.491,0.229,-0.891,-5.432,-16.968,-2.319
-0.453,0.183,-0.901,-2.625,-17.334,-3.967
-0.412,0.183,-0.931,-2.747,-14.404,-4.089
-0.374,0.198,-0.924,-2.319,-12.573,-2.869
-0.357,0.208,-0.917,-1.465,-10.681,-0.549
-0.381,0.229,-0.926,-1.831,-4.028,1.648
-0.403,0.243,-0.912,0.854,-2.625,6.348
-0.407,0.239,-0.871,5.127,-3.479,13.611
-0.466,0.219,-0.865,4.333,-2.014,13.184
-0.524,0.200,-0.881,1.282,-0.488,5.554
-0.549,0.169,-0.904,1.465,1.526,-3.296
-0.533,0.168,-0.914,4.456,2.441,-7.080
-0.505,0.223,-0.878,8.972,2.686,-8.301
-0.468,0.258,-0.817,13.184,3.113,-6.897
-0.473,0.318,-0.775,13.062,2.869,-2.563
-0.474,0.365,-0.753,10.376,2.380,2.136
-0.507,0.381,-0.745,7.385,1.099,6.897
-0.530,0.378,-0.746,5.066,-1.160,10.437
-0.531,0.361,-0.775,3.052,-3.113,10.132
-0.509,0.325,-0.813,2.136,-3.967,7.568
-0.479,0.275,-0.852,2.747,-4.211,4.089
-0.455,0.235,-0.888,3.601,-3.906,1.038
-0.443,0.212,-0.899,5.859,-2.808,-1.404
-0.429,0.198,-0.890,8.606,-1.770,-3.174
-0.421,0.187,-0.879,9.888,0.427,-4.456
-0.418,0.187,-0.886,10.010,3.723,-5.676
-0.405,0.198,-0.890,10.742,6.531,-5.676
-0.390,0.213,-0.890,12.146,8.057,-3.601
-0.390,0.229,-0.895,14.465,8.240,-0.061
-0.404,0.267,-0.884,17.883,6.897,4.211
-0.417,0.282,-0.861,22.522,3.906,8.057
-0.437,0.272,-0.858,25.330,2.808,9.338
-0.457,0.249,-0.884,26.306,4.456,7.385
-0.481,0.218,-0.905,28.198,7.568,2.380
-0.483,0.188,-0.911,31.189,12.085,-4.578
-0.476,0.175,-0.894,33.691,16.846,-12.024
-0.457,0.177,-0.866,34.424,21.118,-17.395
-0.451,0.193,-0.867,33.203,23.071,-18.677
-0.443,0.204,-0.897,32.654,22.583,-17.029
-0.435,0.230,-0.912,35.767,20.325,-14.648
-0.394,0.262,-0.889,41.687,16.968,-11.780
-0.374,0.258,-0.875,46.814,15.686,-11.963
-0.409,0.282,-0.872,48.218,17.639,-13.306
-0.459,0.337,-0.850,49.744,21.729,-14.832
-0.484,0.437,-0.744,53.650,24.292,-19.043
-0.473,0.505,-0.632,55.603,26.550,-22.766
-0.460,0.551,-0.571,49.988,29.236,-21.912
-0.464,0.568,-0.603,38.818,29.724,-15.991
-0.456,0.566,-0.690,31.555,25.940,-8.850
-0.444,0.539,-0.741,31.128,19.043,-2.197
-0.448,0.486,-0.759,35.034,11.902,3.174
-0.462,0.444,-0.780,37.659,6.836,5.981
-0.759,0.620,1.339,1.953,42.480,-34.973
-0.805,0.699,1.489,-8.362,45.044,-39.368
-0.840,0.782,1.694,-19.653,44.373,-42.603
-0.841,0.851,1.860,-35.583,41.809,-46.448
-0.845,0.936,1.958,-59.875,42.480,-49.561
-0.855,1.021,2.097,-82.336,43.579,-51.819
-0.874,1.043,2.281,-98.938,40.222,-54.382
-0.886,1.076,2.487,-115.784,30.945,-58.228
-0.869,1.175,2.734,-137.085,18.616,-62.866
-0.791,1.257,3.003,-165.527,13.428,-68.726
-0.686,1.225,3.190,-202.087,19.958,-73.120
-0.535,1.149,3.229,-246.704,22.339,-70.923
-0.381,1.099,3.145,-292.786,11.292,-59.692
-0.263,0.951,2.951,-328.735,-6.714,-41.565
-0.152,0.763,2.661,-354.919,-28.809,-21.790
-0.069,0.571,2.341,-375.732,-49.377,-3.235
-0.058,0.465,2.106,-387.878,-66.345,13.428
-0.031,0.332,1.937,-389.526,-79.102,22.583
0.065,0.158,1.688,-393.738,-90.210,27.161
0.152,-0.025,1.353,-407.227,-103.821,34.668
0.182,-0.217,0.978,-421.082,-117.493,51.392
0.165,-0.403,0.645,-421.997,-130.554,70.740
0.143,-0.497,0.431,-407.349,-145.386,82.703
0.104,-0.554,0.424,-385.986,-150.330,81.970
0.119,-0.653,0.482,-367.737,-137.573,71.594
0.105,-0.834,0.447,-361.938,-117.004,55.969
0.171,-0.830,0.242,-368.835,-104.553,49.500
0.226,-0.780,0.019,-370.667,-101.624,54.382
0.191,-0.822,-0.099,-356.750,-100.830,64.880
0.115,-0.849,-0.174,-340.515,-97.046,72.327
0.056,-0.844,-0.323,-326.782,-93.994,73.303
0.044,-0.753,-0.467,-308.533,-97.778,72.815
0.105,-0.709,-0.516,-284.302,-103.149,69.946
0.138,-0.717,-0.531,-264.526,-100.220,65.857
0.172,-0.707,-0.609,-255.798,-86.670,62.927
0.131,-0.696,-0.761,-251.526,-71.350,61.218
0.062,-0.663,-0.927,-240.601,-60.669,62.500
-0.001,-0.641,-1.061,-219.055,-54.138,63.782
-0.049,-0.587,-1.113,-190.308,-55.359,67.261
-0.076,-0.538,-1.119,-162.598,-60.669,73.364
-0.079,-0.495,-1.138,-140.747,-64.880,81.360
-0.077,-0.527,-1.221,-124.084,-67.444,90.576
-0.103,-0.570,-1.305,-110.779,-67.505,98.389
-0.165,-0.644,-1.460,-97.839,-61.523,98.816
-0.263,-0.654,-1.558,-80.383,-51.941,89.844
-0.291,-0.685,-1.610,-58.899,-38.391,70.435
-0.332,-0.608,-1.599,-37.903,-21.667,46.753
-0.332,-0.501,-1.499,-15.625,-9.033,25.879
-0.312,-0.326,-1.326,4.944,-2.319,13.794
-0.304,-0.150,-1.142,19.836,-0.732,11.292
-0.346,0.013,-1.029,26.428,0.977,16.357
-0.392,0.158,-0.990,28.503,1.160,24.170
-0.432,0.270,-0.932,32.043,-0.427,29.175
-0.531,0.366,-0.821,36.072,-0.610,30.396
-0.608,0.444,-0.727,36.255,1.099,26.611
-0.654,0.462,-0.675,33.203,3.418,17.883
-0.683,0.466,-0.644,26.550,7.019,8.057
-0.672,0.441,-0.655,17.517,11.047,0.000
-0.654,0.417,-0.702,8.301,12.756,-4.028
-0.619,0.422,-0.754,1.709,10.132,-3.418
-0.590,0.436,-0.781,0.000,3.784,0.122
-0.567,0.404,-0.805,1.099,-3.357,3.296
-0.550,0.380,-0.822,1.831,-8.118,4.822
-0.535,0.376,-0.833,2.014,-10.864,4.395
-0.502,0.372,-0.832,1.526,-12.207,2.502
-0.489,0.333,-0.868,0.549,-9.827,-0.366
-0.461,0.294,-0.902,0.061,-6.836,-2.380
-0.430,0.281,-0.900,0.732,-6.775,0.610
-0.414,0.264,-0.886,1.892,-5.188,1.099
-0.432,0.278,-0.876,1.709,-1.404,-0.549
-0.429,0.304,-0.844,2.686,0.427,0.244
-0.427,0.336,-0.815,3.601,-1.465,4.089
-0.446,0.360,-0.803,3.418,-2.502,9.399
-0.467,0.358,-0.802,2.991,-3.357,13.062
-0.484,0.330,-0.826,2.258,-2.991,13.855
-0.493,0.286,-0.854,1.892,-0.916,11.780
-0.494,0.240,-0.889,2.502,0.916,8.850
-0.509,0.210,-0.907,4.761,2.625,6.348
-0.522,0.194,-0.897,8.728,3.235,3.784
-0.506,0.205,-0.874,13.306,3.784,0.122
-0.471,0.237,-0.843,16.113,4.883,-2.991
-0.436,0.279,-0.810,16.785,5.615,-4.150
-0.400,0.306,-0.781,15.076,5.615,-3.540
-0.380,0.327,-0.798,12.085,6.531,-0.854
-0.383,0.318,-0.837,10.254,6.287,3.662
-0.396,0.292,-0.882,12.390,4.517,7.874
-0.410,0.269,-0.900,16.968,2.441,10.864
-0.430,0.232,-0.913,21.362,1.648,11.536
-0.451,0.220,-0.923,24.170,2.869,10.620
-0.467,0.221,-0.911,26.550,4.456,8.667
-0.466,0.224,-0.877,28.381,7.263,4.883
-0.481,0.215,-0.862,26.367,12.268,0.122
-0.493,0.226,-0.882,23.010,18.860,-4.211
-0.491,0.245,-0.887,22.949,21.851,-6.775
-0.482,0.260,-0.878,27.222,20.813,-7.812
-0.468,0.287,-0.872,33.264,16.479,-6.531
-0.470,0.342,-0.827,39.246,11.475,-2.747
-0.477,0.401,-0.772,44.434,7.202,0.671
-0.485,0.446,-0.712,46.814,3.479,2.625
-0.499,0.485,-0.664,45.288,1.953,4.211
-0.500,0.503,-0.653,41.138,2.502,4.272
-0.498,0.486,-0.667,36.194,4.456,2.869
-0.487,0.472,-0.706,31.067,6.775,1.892
-0.483,0.441,-0.755,28.076,8.972,0.977
-0.499,0.426,-0.781,28.381,9.460,0.488
-0.495,0.423,-0.782,31.555,8.362,-0.366
-0.477,0.418,-0.765,36.072,7.446,-1.465
-0.473,0.415,-0.752,38.513,6.897,-1.709
-0.470,0.428,-0.729,39.673,6.165,-1.587
-0.456,0.435,-0.701,39.551,5.554,-1.587
-0.445,0.443,-0.674,37.109,6.104,-0.549
-0.442,0.448,-0.684,32.471,8.362,0.977
-0.435,0.453,-0.713,28.503,12.146,2.686
-0.432,0.440,-0.737,27.405,15.015,4.028
-0.421,0.428,-0.765,28.259,16.296,4.883
-0.423,0.418,-0.787,31.128,15.991,5.798
-0.434,0.408,-0.786,36.011,14.587,8.179
-0.447,0.405,-0.773,41.809,13.855,9.338
-0.463,0.394,-0.753,46.143,14.038,10.132
-0.433,0.935,1.349,5.066,31.860,-19.043
-0.486,0.995,1.445,-4.150,34.973,-22.339
-0.514,1.071,1.531,-14.282,35.828,-25.391
-0.525,1.156,1.639,-24.170,32.898,-29.419
-0.531,1.218,1.771,-35.217,30.762,-33.203
-0.522,1.266,1.890,-51.880,31.494,-36.743
-0.530,1.298,1.996,-73.364,32.532,-39.673
-0.517,1.351,2.118,-94.788,30.884,-41.443
-0.450,1.388,2.281,-114.319,26.428,-43.030
-0.361,1.396,2.418,-136.047,21.973,-42.480
-0.233,1.337,2.440,-165.039,18.433,-37.842
-0.134,1.202,2.287,-200.195,18.311,-26.794
-0.112,1.067,2.043,-230.530,15.198,-8.362
-0.137,0.977,1.880,-243.591,1.160,11.963
-0.165,0.881,1.881,-243.042,-17.700,25.940
-0.147,0.777,1.869,-245.789,-28.748,31.799
-0.146,0.653,1.764,-261.047,-30.701,32.288
-0.121,0.579,1.595,-279.114,-31.799,32.288
-0.070,0.504,1.408,-290.466,-35.828,33.203
-0.028,0.413,1.215,-293.091,-44.495,37.231
-0.026,0.401,1.156,-289.368,-56.396,46.326
0.001,0.365,1.238,-280.151,-67.139,52.795
0.019,0.262,1.242,-278.015,-72.571,54.382
0.018,0.219,1.117,-285.583,-77.637,59.143
0.007,0.172,1.020,-292.175,-83.008,63.782
-0.012,0.124,0.949,-294.800,-86.182,61.707
0.035,0.120,0.866,-297.607,-84.717,55.481
0.068,0.146,0.834,-301.147,-80.383,50.659
0.182,0.099,0.828,-302.551,-75.439,50.598
0.246,0.007,0.698,-308.533,-75.012,60.059
0.279,-0.119,0.470,-315.308,-87.769,79.407
0.178,-0.240,0.220,-315.552,-102.234,100.952
0.052,-0.271,0.100,-304.565,-114.685,115.295
0.005,-0.308,0.081,-286.743,-113.953,111.511
-0.019,-0.386,0.041,-274.597,-103.882,99.365
-0.054,-0.412,-0.083,-273.987,-92.651,87.158
-0.073,-0.410,-0.229,-276.428,-82.764,75.989
-0.116,-0.497,-0.402,-272.278,-72.144,64.880
-0.155,-0.493,-0.551,-262.207,-66.040,58.594
-0.172,-0.455,-0.611,-244.202,-64.392,57.129
-0.137,-0.456,-0.630,-222.046,-63.721,58.716
-0.099,-0.456,-0.654,-206.787,-64.575,65.735
-0.080,-0.425,-0.687,-200.317,-64.331,76.721
-0.068,-0.392,-0.819,-198.975,-60.608,85.999
-0.156,-0.396,-0.943,-194.153,-55.054,94.299
-0.218,-0.493,-1.102,-179.504,-49.683,97.900
-0.293,-0.489,-1.253,-160.156,-48.523,95.215
-0.296,-0.420,-1.351,-133.667,-49.438,89.661
-0.261,-0.346,-1.302,-100.708,-48.889,81.360
-0.253,-0.401,-1.226,-74.768,-43.030,69.275
-0.250,-0.380,-1.237,-65.918,-30.701,59.326
-0.244,-0.398,-1.333,-63.171,-19.348,52.612
-0.250,-0.425,-1.449,-54.138,-13.000,49.316
-0.300,-0.379,-1.496,-37.048,-12.573,50.903
-0.362,-0.341,-1.473,-12.329,-14.099,51.697
-0.438,-0.240,-1.355,11.230,-14.771,51.025
-0.490,-0.120,-1.201,27.405,-13.245,46.387
-0.552,0.009,-1.055,33.813,-7.385,36.560
-0.608,0.113,-0.957,31.799,0.793,24.719
-0.654,0.200,-0.912,25.757,11.047,11.169
-0.637,0.272,-0.910,21.423,19.348,-0.977
-0.641,0.297,-0.913,22.217,22.034,-8.728
-0.605,0.369,-0.849,27.893,18.188,-10.620
-0.558,0.451,-0.751,33.752,10.742,-7.690
-0.542,0.510,-0.663,34.729,3.357,-3.479
-0.535,0.555,-0.658,28.931,0.000,1.282
-0.549,0.586,-0.689,20.508,-1.343,5.554
-0.575,0.591,-0.690,15.015,-3.784,6.531
-0.565,0.578,-0.691,10.925,-4.822,4.395
-0.538,0.551,-0.709,5.554,-1.892,0.488
-0.512,0.507,-0.734,0.305,2.319,-1.038
-0.501,0.461,-0.780,-2.686,2.747,0.549
-0.505,0.418,-0.812,-2.258,0.305,4.333
-0.499,0.379,-0.827,-0.183,-3.357,6.470
-0.500,0.347,-0.833,1.465,-4.944,5.798
-0.503,0.344,-0.832,3.113,-5.554,4.456
-0.497,0.335,-0.816,4.822,-5.249,2.441
-0.512,0.354,-0.783,4.944,-2.930,0.671
-0.511,0.427,-0.744,2.686,-0.122,1.282
-0.498,0.455,-0.728,-0.183,1.282,1.709
-0.482,0.466,-0.738,-2.563,1.404,3.784
-0.477,0.455,-0.761,-4.150,-0.732,6.653
-0.474,0.413,-0.779,-3.662,-2.869,8.667
-0.481,0.365,-0.810,-2.075,-3.845,9.888
-0.474,0.325,-0.843,0.366,-3.662,9.766
-0.452,0.298,-0.838,4.028,-3.113,8.728
-0.445,0.278,-0.828,6.714,-1.770,7.385
-0.440,0.295,-0.823,6.958,0.977,6.592
-0.435,0.294,-0.825,7.874,2.808,5.554
-0.440,0.314,-0.824,9.277,3.723,4.333
-0.439,0.349,-0.801,11.475,4.517,3.296
-0.427,0.388,-0.772,14.221,4.883,2.502
-0.401,0.413,-0.746,15.869,4.395,3.845
-0.388,0.417,-0.739,15.503,3.235,7.690
-0.395,0.392,-0.763,14.587,2.014,13.306
-0.443,0.378,-0.798,15.076,1.221,18.494
-0.491,0.365,-0.801,16.968,0.305,20.264
-0.537,0.369,-0.793,18.982,1.099,17.151
-0.577,0.391,-0.771,20.325,3.174,11.536
-0.584,0.395,-0.743,22.034,4.700,4.883
-0.548,0.404,-0.729,22.827,5.554,0.183
-0.481,0.392,-0.741,23.254,5.554,-0.427
-0.422,0.365,-0.776,24.475,1.709,4.761
-0.412,0.330,-0.829,26.184,-3.906,13.245
-0.443,0.306,-0.855,28.870,-7.080,18.616
-0.488,0.301,-0.854,32.043,-4.944,15.869
-0.526,0.340,-0.824,34.302,0.916,6.287
-0.544,0.373,-0.762,35.950,8.545,-6.165
-0.517,0.403,-0.720,35.156,16.663,-19.775
-0.441,0.451,-0.690,32.410,22.522,-29.175
-0.354,0.460,-0.688,30.090,24.536,-30.151
-0.293,0.458,-0.715,27.222,23.743,-22.888
-0.274,0.456,-0.759,25.513,21.179,-11.963
-0.286,0.440,-0.779,28.015,18.677,-1.038
-0.323,0.413,-0.787,32.959,15.564,9.583
-0.396,0.413,-0.801,37.903,11.169,17.822
-0.482,0.424,-0.788,43.884,8.057,20.569
-0.541,0.429,-0.746,49.744,9.277,17.151
-0.563,0.430,-0.690,51.147,14.282,8.911
-0.614,0.699,1.333,1.465,40.771,-33.936
-0.624,0.756,1.353,-13.123,42.480,-32.593
-0.661,0.783,1.396,-26.367,44.922,-31.189
-0.711,0.807,1.483,-36.011,44.617,-31.128
-0.761,0.856,1.616,-44.373,40.466,-33.752
-0.719,0.952,1.801,-51.086,32.104,-37.903
-0.650,1.004,1.950,-65.735,24.048,-38.208
-0.636,1.052,2.032,-90.576,17.151,-30.457
-0.595,1.073,2.049,-114.014,6.958,-20.142
-0.565,1.050,2.007,-134.949,-5.493,-10.132
-0.573,1.012,1.926,-158.508,-14.465,-3.418
-0.582,0.999,1.864,-179.016,-17.761,-2.563
-0.611,0.982,1.894,-191.345,-20.203,-8.667
-0.584,0.993,1.984,-198.303,-23.254,-18.311
-0.525,0.952,2.021,-211.487,-23.865,-26.306
-0.459,0.898,1.937,-233.459,-24.841,-27.954
-0.399,0.847,1.812,-256.042,-26.367,-23.376
-0.338,0.779,1.733,-269.836,-30.579,-15.442
-0.299,0.678,1.697,-278.076,-35.645,-8.606
-0.260,0.622,1.609,-288.025,-38.574,-4.272
-0.201,0.555,1.443,-298.279,-45.227,-1.160
-0.134,0.453,1.221,-306.213,-55.176,3.479
-0.144,0.327,1.019,-312.378,-62.500,10.864
-0.141,0.268,0.890,-311.768,-66.528,14.282
-0.097,0.153,0.778,-303.772,-70.557,13.489
-0.056,0.072,0.633,-300.598,-74.768,15.442
-0.047,-0.003,0.505,-301.331,-77.271,21.606
-0.095,-0.053,0.424,-300.476,-74.890,28.564
-0.158,-0.085,0.438,-296.387,-68.115,30.212
-0.172,-0.081,0.441,-292.175,-58.411,25.574
-0.164,-0.027,0.420,-291.260,-52.246,21.118
-0.098,-0.064,0.306,-289.001,-50.659,22.217
-0.079,-0.126,0.097,-289.062,-57.678,33.264
-0.072,-0.168,-0.122,-285.217,-71.899,49.988
-0.102,-0.211,-0.207,-272.522,-84.229,64.758
-0.150,-0.250,-0.167,-257.690,-83.862,75.012
-0.199,-0.281,-0.109,-250.122,-77.881,78.308
-0.223,-0.238,-0.133,-249.512,-73.059,73.242
-0.186,-0.196,-0.156,-248.901,-71.899,64.514
-0.182,-0.199,-0.297,-252.197,-66.223,54.443
-0.225,-0.187,-0.521,-253.662,-57.007,45.898
-0.252,-0.178,-0.663,-240.784,-52.612,41.748
-0.266,-0.192,-0.670,-215.942,-54.688,40.894
-0.222,-0.241,-0.671,-193.665,-58.289,44.373
-0.230,-0.289,-0.746,-181.946,-59.692,50.903
-0.238,-0.338,-0.853,-174.255,-56.702,56.152
-0.288,-0.339,-0.892,-165.222,-49.805,56.519
-0.337,-0.443,-0.971,-156.982,-40.100,51.758
-0.377,-0.427,-1.123,-151.794,-31.433,47.668
-0.359,-0.484,-1.285,-136.780,-27.893,45.349
-0.373,-0.516,-1.425,-112.671,-30.579,46.875
-0.349,-0.533,-1.501,-83.740,-37.598,50.720
-0.322,-0.533,-1.540,-54.016,-39.307,50.964
-0.289,-0.497,-1.518,-28.442,-32.349,48.767
-0.285,-0.447,-1.449,-9.033,-22.644,44.678
-0.344,-0.336,-1.340,1.404,-11.719,37.354
-0.412,-0.207,-1.275,8.545,-0.916,27.161
-0.445,-0.002,-1.172,17.578,7.324,16.174
-0.462,0.164,-1.023,29.480,8.850,8.484
-0.498,0.328,-0.891,36.743,8.545,6.226
-0.530,0.434,-0.795,40.833,8.301,6.714
-0.564,0.511,-0.717,42.664,6.042,8.423
-0.569,0.555,-0.663,41.870,3.052,9.583
-0.588,0.580,-0.627,37.659,0.732,9.888
-0.595,0.585,-0.605,30.457,0.549,9.277
-0.594,0.586,-0.596,20.813,1.831,7.019
-0.625,0.600,-0.605,9.521,4.395,4.700
-0.646,0.580,-0.631,1.221,6.287,2.380
-0.657,0.552,-0.669,-3.296,5.615,0.305
-0.658,0.493,-0.717,-3.845,1.465,-2.075
-0.624,0.456,-0.757,-1.282,-7.935,-2.197
-0.580,0.414,-0.763,1.953,-14.771,-0.244
-0.540,0.356,-0.779,2.869,-15.137,-1.099
-0.492,0.333,-0.800,-0.427,-11.353,-2.991
-0.428,0.316,-0.839,-4.211,-6.348,-5.615
-0.388,0.322,-0.860,-6.287,-1.648,-6.470
-0.382,0.336,-0.847,-5.859,1.709,-6.104
-0.390,0.346,-0.841,-3.662,2.808,-5.310
-0.394,0.369,-0.841,-0.244,0.427,-2.625
-0.406,0.376,-0.833,5.249,-3.052,1.770
-0.421,0.383,-0.813,11.475,-6.165,5.554
-0.417,0.377,-0.797,15.991,-7.751,7.263
-0.429,0.364,-0.794,17.334,-7.202,7.080
-0.420,0.360,-0.793,16.113,-4.395,4.822
-0.417,0.355,-0.803,14.648,0.000,1.160
-0.430,0.351,-0.802,13.062,4.761,-0.854
-0.444,0.360,-0.794,13.306,8.362,-1.648
-0.467,0.370,-0.782,14.343,10.376,-1.526
-0.493,0.391,-0.782,16.846,9.399,-0.305
-0.500,0.404,-0.770,22.095,4.944,1.587
-0.514,0.403,-0.751,26.733,0.916,3.418
-0.525,0.399,-0.742,28.259,-0.305,2.625
-0.515,0.365,-0.742,26.978,2.319,-1.953
-0.473,0.342,-0.776,22.522,9.094,-10.498
-0.409,0.339,-0.815,18.127,17.517,-19.531
-0.372,0.327,-0.840,16.968,24.658,-26.001
-0.360,0.335,-0.865,18.738,28.442,-27.893
-0.358,0.371,-0.857,25.940,27.710,-26.855
-0.369,0.394,-0.793,37.048,23.499,-23.682
-0.396,0.420,-0.730,45.288,18.738,-18.372
-0.422,0.444,-0.704,47.729,16.724,-13.672
-0.442,0.456,-0.699,46.814,17.151,-10.925
-0.439,0.444,-0.707,44.067,19.348,-11.047
-0.410,0.448,-0.732,39.368,24.231,-12.756
-0.410,0.449,-0.745,35.645,29.968,-13.306
-0.421,0.450,-0.746,36.255,31.555,-10.620
-0.423,0.457,-0.737,39.795,27.832,-6.226
-0.451,0.455,-0.715,44.006,22.278,-1.404
-0.479,0.485,-0.712,48.523,17.029,2.075
-0.502,0.534,-0.673,55.420,11.169,4.456
-0.506,0.542,-0.612,61.951,6.226,4.639
-0.514,0.568,-0.575,60.913,6.287,3.906
-0.516,0.570,-0.558,55.664,10.071,2.502
-0.501,0.568,-0.551,48.767,15.808,0.061
-0.484,0.552,-0.583,41.199,22.278,-1.526
-0.494,0.543,-0.622,36.560,25.940,-1.221
-0.500,0.543,-0.616,38.208,24.353,0.244
-0.496,0.565,-0.589,42.419,20.203,2.075
-0.514,0.567,-0.567,45.349,16.296,3.906
-0.261,0.880,1.505,-12.756,12.634,6.287
-0.237,0.931,1.562,-24.353,9.155,9.216
-0.214,0.985,1.694,-34.241,4.028,12.390
-0.208,1.045,1.848,-46.448,-0.977,13.245
-0.177,1.097,1.974,-64.575,-0.549,13.489
-0.148,1.116,2.118,-86.670,3.723,11.658
-0.103,1.162,2.235,-110.840,4.456,8.850
0.022,1.191,2.270,-136.169,1.099,10.925
0.110,1.213,2.250,-162.842,-8.484,19.958
0.148,1.192,2.219,-187.805,-18.372,36.316
0.136,1.115,2.203,-208.313,-27.649,53.467
0.117,1.035,2.162,-226.135,-37.476,62.866
0.091,0.976,2.096,-245.178,-45.349,63.293
0.086,0.932,2.066,-262.329,-47.546,60.669
0.083,0.861,2.080,-274.353,-44.617,60.120
0.062,0.731,2.080,-284.912,-44.556,60.425
0.099,0.657,2.036,-298.340,-48.401,60.730
0.166,0.605,1.998,-309.998,-56.519,61.035
0.239,0.598,2.007,-317.200,-67.505,69.214
0.270,0.546,1.995,-330.811,-80.017,83.984
0.303,0.352,1.736,-356.873,-86.975,100.037
0.302,0.090,1.212,-385.681,-95.764,117.371
0.214,-0.148,0.688,-397.522,-114.014,137.512
0.104,-0.346,0.351,-382.812,-132.507,149.353
-0.016,-0.511,0.233,-353.149,-139.954,145.935
-0.092,-0.578,0.255,-329.163,-132.874,126.282
-0.117,-0.624,0.283,-317.017,-114.014,98.450
-0.144,-0.675,0.245,-316.284,-91.980,72.083
-0.147,-0.692,0.087,-322.266,-72.144,51.575
-0.181,-0.647,-0.061,-321.350,-60.303,41.199
-0.203,-0.640,-0.153,-308.838,-57.922,37.659
-0.268,-0.576,-0.221,-293.579,-59.814,42.603
-0.233,-0.545,-0.247,-276.062,-70.374,51.270
-0.193,-0.520,-0.338,-266.724,-81.726,64.880
-0.186,-0.528,-0.529,-262.146,-90.759,80.627
-0.163,-0.546,-0.722,-248.901,-99.670,92.773
-0.200,-0.586,-0.798,-229.126,-101.563,97.107
-0.232,-0.542,-0.796,-211.426,-92.041,89.417
-0.236,-0.564,-0.836,-200.073,-76.233,72.998
-0.207,-0.517,-0.957,-194.580,-58.716,58.105
-0.207,-0.436,-1.066,-184.082,-47.607,49.622
-0.190,-0.391,-1.139,-164.734,-41.931,47.974
-0.155,-0.349,-1.175,-143.494,-40.161,50.476
-0.144,-0.311,-1.163,-123.474,-40.833,56.885
-0.177,-0.273,-1.155,-104.919,-42.847,63.904
-0.201,-0.303,-1.179,-89.172,-42.786,66.956
-0.252,-0.297,-1.260,-77.515,-40.710,65.796
-0.290,-0.297,-1.346,-63.843,-35.400,59.937
-0.325,-0.271,-1.374,-45.105,-28.687,49.805
-0.365,-0.212,-1.290,-25.146,-21.851,38.696
-0.387,-0.151,-1.203,-10.803,-11.597,25.269
-0.413,-0.037,-1.139,-4.150,-1.343,15.625
-0.414,0.027,-1.061,2.808,4.150,9.766
-0.444,0.146,-0.987,6.653,6.409,9.338
-0.472,0.278,-0.912,9.949,5.798,12.329
-0.483,0.335,-0.841,14.709,2.075,15.137
-0.503,0.379,-0.845,15.869,-2.014,18.005
-0.513,0.399,-0.863,16.846,-4.578,20.081
-0.541,0.377,-0.828,20.203,-6.104,19.104
-0.556,0.373,-0.817,20.264,-5.432,15.015
-0.560,0.371,-0.811,17.700,-0.610,8.911
-0.567,0.374,-0.812,14.587,4.089,2.380
-0.557,0.403,-0.811,12.451,6.287,-1.404
-0.550,0.426,-0.780,12.939,5.737,-2.930
-0.546,0.463,-0.732,13.550,3.906,-1.892
-0.551,0.494,-0.694,12.207,0.305,0.244
-0.564,0.519,-0.680,9.216,-2.563,3.235
-0.559,0.503,-0.693,5.920,-4.211,5.066
-0.535,0.488,-0.729,2.502,-5.432,5.798
-0.519,0.459,-0.750,0.793,-6.592,5.127
-0.499,0.416,-0.789,-0.488,-6.714,2.563
-0.467,0.384,-0.837,-1.465,-4.700,-0.549
-0.429,0.355,-0.859,0.122,-3.052,-2.075
-0.407,0.354,-0.847,3.296,-2.441,-1.770
-0.405,0.364,-0.816,6.287,-1.526,0.732
-0.430,0.380,-0.767,7.568,-1.465,4.028
-0.451,0.398,-0.746,5.981,-1.404,6.958
-0.482,0.411,-0.755,3.540,0.244,8.789
-0.496,0.413,-0.764,2.380,1.221,8.484
-0.493,0.399,-0.769,3.296,2.014,5.798
-0.480,0.381,-0.776,4.761,2.991,3.540
-0.474,0.361,-0.785,5.981,3.845,2.991
-0.481,0.344,-0.804,7.385,4.028,3.662
-0.504,0.326,-0.814,10.315,4.395,3.540
-0.537,0.347,-0.773,14.648,4.150,1.709
-0.539,0.363,-0.726,17.395,3.784,-2.625
-0.533,0.421,-0.690,15.259,5.981,-6.226
-0.501,0.453,-0.684,11.536,7.446,-7.629
-0.469,0.472,-0.702,7.935,7.080,-6.531
-0.443,0.466,-0.725,6.531,5.493,-2.075
-0.427,0.453,-0.752,6.958,2.625,3.540
-0.431,0.408,-0.783,8.545,-0.244,8.484
-0.431,0.374,-0.819,11.658,-2.380,11.902
-0.431,0.331,-0.843,15.747,-2.686,13.184
-0.451,0.304,-0.843,19.226,-1.465,12.451
-0.473,0.297,-0.834,21.179,1.038,9.277
-0.507,0.312,-0.817,22.095,5.310,3.174
-0.508,0.335,-0.772,22.522,8.728,-4.333
-0.489,0.371,-0.747,21.179,12.634,-10.010
-0.475,0.386,-0.741,18.677,15.320,-12.024
-0.445,0.407,-0.778,18.066,15.381,-10.803
-0.412,0.413,-0.801,20.996,10.925,-6.897
-0.387,0.387,-0.813,26.367,7.019,-2.380
-0.379,0.349,-0.859,31.799,3.967,3.235
-0.397,0.297,-0.912,38.513,-1.160,9.155
-0.441,0.268,-0.926,47.729,-8.423,14.221
-0.498,0.252,-0.896,56.702,-12.329,14.282
-0.558,0.281,-0.850,61.462,-8.362,6.348
-0.563,0.323,-0.813,63.110,2.258,-9.033
-0.508,0.358,-0.754,63.293,14.771,-26.367
-0.456,0.389,-0.727,59.265,26.489,-37.598
-0.399,0.433,-0.713,54.688,32.410,-39.246
-0.370,0.488,-0.699,52.429,31.067,-31.433
-0.386,0.537,-0.676,53.955,25.085,-18.250
-0.403,0.601,-0.637,58.044,15.076,-6.226
-0.410,0.649,-0.591,62.134,7.812,2.380
-0.449,0.662,-0.562,62.988,4.883,7.202
-0.488,0.664,-0.539,61.462,4.578,8.301
-0.500,0.674,-0.521,58.167,7.446,6.531
-0.440,0.848,1.440,-14.099,20.569,-23.926
-0.411,0.908,1.502,-27.710,20.996,-25.024
-0.402,0.947,1.571,-43.823,20.447,-24.841
-0.376,1.016,1.615,-60.120,18.738,-23.254
-0.357,1.085,1.670,-74.646,13.489,-20.752
-0.338,1.122,1.736,-88.257,8.789,-18.066
-0.334,1.153,1.810,-103.027,5.371,-14.465
-0.312,1.174,1.867,-118.408,1.343,-10.864
-0.320,1.183,1.914,-135.742,-2.563,-7.019
-0.314,1.180,1.932,-153.564,-6.531,-5.066
-0.293,1.183,1.941,-172.241,-10.437,-3.784
-0.300,1.151,1.958,-192.017,-13.794,-2.014
-0.311,1.138,2.012,-209.778,-18.066,-1.282
-0.255,1.160,2.099,-223.022,-24.597,-0.793
-0.165,1.117,2.085,-238.159,-31.616,2.380
-0.105,1.041,1.939,-257.751,-41.870,15.808
-0.052,1.013,1.765,-271.545,-60.242,36.987
-0.060,0.930,1.757,-273.987,-83.740,58.411
-0.103,0.907,1.961,-276.672,-97.900,72.632
-0.079,0.827,2.135,-286.865,-101.318,71.533
-0.023,0.614,1.979,-311.829,-101.074,64.331
0.027,0.401,1.570,-344.421,-107.117,70.190
0.062,0.180,1.080,-364.990,-123.291,82.581
0.072,-0.052,0.697,-366.394,-139.038,92.529
0.040,-0.248,0.470,-361.023,-141.785,95.581
-0.015,-0.381,0.382,-352.600,-133.545,90.820
-0.016,-0.535,0.377,-342.041,-121.155,79.468
-0.057,-0.626,0.305,-337.769,-107.727,68.726
-0.034,-0.618,0.173,-331.970,-104.614,61.401
-0.026,-0.649,0.040,-320.435,-106.995,59.143
-0.050,-0.643,-0.046,-308.777,-107.727,62.195
-0.095,-0.663,-0.152,-300.049,-105.652,62.622
-0.156,-0.598,-0.240,-293.945,-96.741,60.120
-0.142,-0.571,-0.293,-283.142,-85.083,56.335
-0.100,-0.569,-0.364,-272.278,-77.454,56.458
-0.042,-0.545,-0.513,-264.587,-76.782,63.354
-0.030,-0.512,-0.671,-252.747,-80.444,74.219
-0.023,-0.451,-0.703,-230.103,-86.731,86.060
-0.036,-0.465,-0.753,-206.421,-91.370,93.689
-0.049,-0.375,-0.873,-192.017,-93.445,98.022
-0.030,-0.326,-0.946,-174.927,-91.736,99.121
-0.010,-0.341,-0.973,-158.386,-86.853,96.436
0.025,-0.390,-1.066,-151.306,-75.012,89.783
0.032,-0.469,-1.206,-148.804,-57.678,82.886
0.003,-0.584,-1.365,-140.015,-40.344,77.454
-0.075,-0.671,-1.476,-123.596,-28.564,73.547
-0.123,-0.715,-1.582,-101.929,-19.592,69.641
-0.161,-0.685,-1.631,-76.782,-13.000,67.505
-0.226,-0.643,-1.618,-47.241,-10.254,66.040
-0.293,-0.578,-1.538,-19.226,-8.362,64.514
-0.381,-0.476,-1.435,2.930,-5.249,59.204
-0.460,-0.339,-1.278,19.104,-0.427,50.842
-0.565,-0.156,-1.105,28.809,6.897,38.757
-0.640,-0.005,-0.981,34.119,14.832,24.536
-0.670,0.142,-0.876,36.621,19.836,10.193
-0.675,0.283,-0.785,37.598,21.851,-0.427
-0.657,0.384,-0.720,38.025,20.630,-5.493
-0.637,0.464,-0.643,37.476,17.334,-5.859
-0.626,0.521,-0.601,33.936,12.634,-1.648
-0.616,0.524,-0.616,28.748,7.935,3.845
-0.654,0.522,-0.630,23.010,2.869,8.789
-0.674,0.523,-0.641,17.029,-1.953,9.155
-0.686,0.511,-0.625,10.681,-3.357,3.357
-0.654,0.475,-0.641,2.625,-1.160,-5.615
-0.626,0.436,-0.696,-5.615,3.174,-13.733
-0.585,0.394,-0.754,-9.888,5.005,-17.639
-0.534,0.333,-0.816,-8.911,2.197,-18.188
-0.481,0.311,-0.850,-5.188,-2.319,-13.245
-0.417,0.290,-0.862,0.427,-5.249,-5.615
-0.409,0.302,-0.853,5.249,-7.935,2.563
-0.412,0.309,-0.820,7.751,-10.254,9.338
-0.446,0.312,-0.823,6.348,-9.888,10.986
-0.481,0.322,-0.829,3.357,-7.385,9.644
-0.487,0.319,-0.832,3.174,-5.798,5.615
-0.486,0.315,-0.826,3.601,-3.113,2.380
-0.502,0.305,-0.817,4.883,-0.183,0.732
-0.510,0.299,-0.823,7.629,0.732,0.244
-0.523,0.303,-0.809,11.230,0.427,0.488
-0.526,0.309,-0.785,14.404,0.244,0.244
-0.521,0.325,-0.769,14.709,1.343,-0.671
-0.537,0.344,-0.745,13.062,2.686,-2.441
-0.543,0.370,-0.728,9.949,4.211,-4.089
-0.558,0.398,-0.724,5.920,5.981,-6.470
-0.537,0.410,-0.726,2.808,7.874,-8.789
-0.536,0.417,-0.747,1.831,7.263,-8.606
-0.515,0.411,-0.759,4.517,2.686,-5.493
-0.496,0.387,-0.766,8.850,-2.380,-1.099
-0.490,0.365,-0.780,11.353,-5.127,2.747
-0.480,0.350,-0.795,13.306,-5.432,3.723
-0.475,0.336,-0.802,13.855,-3.479,1.892
-0.478,0.338,-0.797,13.550,0.244,-0.732
-0.467,0.342,-0.781,12.512,4.089,-2.869
-0.472,0.346,-0.771,10.132,7.080,-3.845
-0.471,0.366,-0.783,7.507,8.850,-2.747
-0.473,0.362,-0.791,7.751,8.545,-0.977
-0.478,0.359,-0.796,10.254,6.714,1.221
-0.480,0.349,-0.794,13.489,4.822,3.296
-0.486,0.337,-0.794,15.991,3.967,4.028
-0.481,0.319,-0.813,18.066,4.089,3.601
-0.489,0.310,-0.823,19.714,5.127,2.319
-0.509,0.318,-0.798,21.179,7.507,0.305
-0.512,0.320,-0.768,20.874,10.315,-2.441
-0.520,0.324,-0.775,17.456,14.893,-4.456
-0.527,0.360,-0.798,14.404,17.639,-4.639
-0.512,0.334,-0.805,17.395,15.625,-5.859
-0.502,0.328,-0.818,20.691,12.512,-3.967
-0.493,0.305,-0.842,24.292,9.705,-1.953
-0.480,0.286,-0.878,28.931,6.409,-1.160
-0.478,0.260,-0.891,34.973,5.249,-1.831
-0.476,0.250,-0.889,39.795,7.141,-4.578
-0.488,0.243,-0.885,41.870,11.902,-10.437
-0.495,0.269,-0.844,42.908,19.287,-17.761
-0.481,0.325,-0.786,42.786,25.024,-23.682
-0.450,0.370,-0.741,40.527,28.809,-27.527
-0.433,0.399,-0.719,37.659,31.799,-27.039
-0.398,0.426,-0.738,35.034,33.325,-22.095
-0.404,0.432,-0.769,36.255,29.419,-13.367
-0.412,0.451,-0.780,41.748,22.156,-3.418
-0.441,0.473,-0.757,49.744,15.137,6.226
-0.426,0.782,1.703,-6.592,24.719,-12.146
-0.456,0.855,1.835,-21.912,19.897,-9.460
-0.490,0.906,1.973,-39.490,19.653,-11.658
-0.497,0.962,2.115,-57.434,20.264,-17.273
-0.442,1.030,2.233,-76.721,17.029,-25.818
-0.362,1.088,2.337,-99.609,14.954,-30.273
-0.269,1.139,2.464,-124.268,14.648,-28.748
-0.225,1.148,2.614,-150.208,13.855,-23.926
-0.177,1.146,2.780,-175.781,10.986,-17.639
-0.097,1.126,2.939,-200.500,3.479,-12.329
-0.027,1.083,3.068,-232.544,-8.972,-6.836
0.028,1.016,3.109,-269.897,-18.372,0.916
0.139,0.937,3.065,-302.734,-29.297,14.343
0.201,0.715,2.857,-332.275,-46.143,33.081
0.218,0.514,2.500,-360.168,-66.895,59.021
0.169,0.375,2.183,-379.089,-85.144,82.947
0.125,0.242,1.952,-384.583,-92.407,91.125
0.098,0.097,1.734,-384.277,-92.590,85.388
0.124,-0.030,1.466,-387.451,-93.811,75.623
0.164,-0.170,1.122,-392.456,-96.619,71.594
0.150,-0.300,0.801,-393.799,-100.952,75.684
0.114,-0.416,0.615,-386.841,-103.271,84.045
0.073,-0.515,0.471,-373.962,-99.609,88.013
0.013,-0.582,0.358,-362.549,-93.689,86.609
-0.047,-0.602,0.327,-346.497,-86.731,83.313
-0.049,-0.614,0.359,-326.904,-79.773,78.369
-0.054,-0.637,0.312,-316.223,-77.087,74.890
-0.094,-0.596,0.167,-314.026,-80.444,79.163
-0.131,-0.581,0.029,-306.702,-88.196,84.412
-0.159,-0.553,-0.046,-296.753,-94.116,84.229
-0.178,-0.512,-0.092,-290.405,-90.637,80.627
-0.165,-0.488,-0.136,-285.278,-80.200,74.890
-0.119,-0.472,-0.219,-281.738,-71.472,68.726
-0.069,-0.442,-0.357,-279.114,-68.970,66.284
-0.040,-0.392,-0.477,-269.531,-70.068,68.848
-0.039,-0.397,-0.536,-251.587,-70.313,71.899
-0.061,-0.353,-0.560,-232.849,-68.848,75.745
-0.088,-0.358,-0.572,-219.360,-65.247,79.956
-0.158,-0.342,-0.670,-210.754,-58.411,81.726
-0.180,-0.334,-0.811,-201.721,-55.481,80.872
-0.194,-0.354,-0.953,-187.683,-54.749,79.712
-0.205,-0.321,-1.031,-169.006,-54.504,80.933
-0.225,-0.309,-0.986,-149.231,-50.293,78.918
-0.240,-0.378,-1.003,-137.634,-41.138,74.463
-0.286,-0.392,-1.114,-133.362,-30.457,72.693
-0.339,-0.438,-1.230,-122.864,-24.048,71.228
-0.422,-0.435,-1.295,-103.882,-19.897,67.505
-0.475,-0.450,-1.347,-81.360,-18.555,59.326
-0.470,-0.417,-1.360,-58.350,-17.761,47.974
-0.442,-0.397,-1.334,-37.048,-16.479,35.706
-0.416,-0.321,-1.283,-20.447,-13.916,25.696
-0.420,-0.188,-1.207,-7.385,-10.437,20.874
-0.420,-0.070,-1.130,3.723,-8.240,20.203
-0.447,0.044,-1.077,12.512,-7.446,19.775
-0.480,0.146,-1.023,20.142,-6.226,19.592
-0.488,0.227,-0.959,27.466,-5.371,17.334
-0.517,0.294,-0.866,30.884,-2.747,14.038
-0.546,0.377,-0.793,31.128,-0.122,11.292
-0.586,0.413,-0.761,28.625,3.174,8.972
-0.613,0.501,-0.709,24.719,6.226,7.751
-0.613,0.515,-0.657,22.461,6.470,3.784
-0.647,0.524,-0.657,17.151,5.676,-0.122
-0.650,0.537,-0.662,11.475,3.296,-0.061
-0.627,0.518,-0.667,9.155,0.549,0.549
-0.622,0.505,-0.680,5.798,-1.526,1.892
-0.615,0.461,-0.702,3.845,-3.906,4.333
-0.616,0.424,-0.736,2.808,-6.470,5.676
-0.595,0.390,-0.755,2.686,-8.606,4.333
-0.567,0.354,-0.759,3.174,-8.728,1.404
-0.537,0.338,-0.764,1.892,-8.179,-0.244
-0.502,0.331,-0.785,0.122,-7.629,-0.549
-0.490,0.347,-0.792,-1.038,-7.385,1.160
-0.472,0.356,-0.800,-0.549,-7.141,3.418
-0.469,0.365,-0.817,-0.061,-7.141,6.775
-0.468,0.360,-0.815,2.014,-8.362,9.583
-0.484,0.357,-0.792,4.944,-8.850,11.597
-0.486,0.344,-0.786,6.592,-7.935,12.207
-0.499,0.335,-0.781,6.836,-5.859,11.841
-0.512,0.318,-0.766,6.653,-2.747,10.315
-0.522,0.311,-0.764,4.822,0.549,6.592
-0.544,0.316,-0.786,2.991,3.296,2.686
-0.537,0.319,-0.779,4.395,4.211,-0.366
-0.535,0.337,-0.753,5.981,4.761,-2.014
-0.517,0.363,-0.740,6.165,5.371,-1.831
-0.500,0.373,-0.753,6.165,4.333,-0.122
-0.492,0.381,-0.774,7.080,2.014,3.723
-0.495,0.373,-0.780,10.071,-0.916,8.118
-0.505,0.372,-0.770,12.939,-2.808,10.559
-0.511,0.367,-0.769,15.137,-2.563,10.315
-0.517,0.356,-0.761,16.113,0.061,7.996
-0.528,0.344,-0.778,15.015,2.808,4.456
-0.535,0.341,-0.790,14.648,5.005,1.160
-0.513,0.332,-0.772,16.663,5.310,-0.732
-0.505,0.324,-0.758,16.846,4.944,-0.854
-0.469,0.337,-0.776,15.259,5.554,1.038
-0.468,0.334,-0.799,14.404,4.822,4.883
-0.478,0.343,-0.816,15.808,4.211,8.057
-0.481,0.344,-0.815,19.836,3.235,9.094
-0.489,0.343,-0.800,22.888,3.784,7.812
-0.512,0.360,-0.795,23.804,5.798,4.822
-0.522,0.371,-0.802,25.146,8.301,0.793
-0.512,0.374,-0.793,27.466,10.071,-3.540
-0.498,0.378,-0.781,28.625,11.230,-6.348
-0.476,0.372,-0.773,28.320,12.817,-7.568
-0.462,0.368,-0.785,26.428,14.465,-7.202
-0.465,0.376,-0.787,26.062,15.442,-4.761
-0.479,0.377,-0.773,28.198,14.709,-2.197
-0.495,0.392,-0.756,31.677,12.756,-0.183
-0.498,0.410,-0.742,34.485,10.986,0.977
-0.497,0.417,-0.732,36.743,9.949,1.099
-0.504,0.422,-0.729,38.086,9.521,0.977
-0.505,0.427,-0.719,38.879,9.033,0.305
-0.489,0.406,-0.704,39.124,10.681,-1.221
-0.472,0.404,-0.709,36.926,14.771,-1.526
-0.476,0.416,-0.709,32.776,17.578,-0.916
-0.476,0.406,-0.702,33.081,19.226,-0.366
-0.488,0.421,-0.700,33.630,19.958,2.869
-0.508,0.432,-0.684,36.743,18.066,7.141
-0.533,0.438,-0.659,41.260,14.038,11.108
